Latin Word,English Definition(s),Frequency,Part of Speech,Sense Heading,Senses,Core Sense
"ā, ab, abs","{(with the {{ablative}})} from, away from",21,Preposition,,"{(with the {{ablative}})} from, away from",1
"abeō, abīre, abiī, abitum",to go away,553,Verb,,to go away,1
"absurdus, absurda, absurdum",absurd,0,Adjective,,absurd,1
ad,"to, towards",14,Preposition,,"to, towards",1
"adveniō, advenīre, advēnī, adventum",to arrive,987,Verb,,to arrive,1
"aeger, aegra, aegrum",sick,810,Adjective,,sick,1
"āeroplānum, āeroplānī, {n.}",airplane,0,Noun,,airplane,1
"aestās, aestātis, {f.}",summer,0,Noun,,summer,1
"aetās, aetātis, {f.}",age,308,Noun,,age,1
"afferō, afferre, attulī, allātum",to bring,514,Verb,,to bring,1
"agō, agere, ēgī, āctum","to drive, to do",69,Verb,,"to drive, to do",1
"āla, ālae, {f.}",wing,0,Noun,,wing,1
"aliquis, aliquid","something, anything",77,Pronoun,,"something, anything",1
aliquot,"some, several",0,Adjective,,"some, several",1
"alius, alia, aliud",other,37,Adjective,,other,1
"alter, altera, alterum",the other (of two); a second,148,Adjective,,the other (of two) ‖ a second,1
"amīcus, amīca, amīcum",friend,198,"Noun, Adjective",,friend,1
"amō, amāre, amāvī, amātum",to love,219,Verb,,to love,1
"amoenus, amoena, amoenum","pleasant, lovely",0,Adjective,,"pleasant, lovely",1
"amor, amōris, {m.}",love,116,Noun,,love,1
"animal, animālis, {n.}",animal,547,Noun,,animal,1
"animus, animī, {m.}",soul,40,Noun,,soul,1
"annus, annī, {m.}",year,167,Noun,,year,1
ante,before,112,"Adverb, Preposition",,before,1
"antīquus, antīqua, antīquum",ancient,617,Adjective,,ancient,1
"ānxius, ānxia, ānxium","anxious, worried",0,Adjective,,"anxious, worried",1
"aperiō, aperīre, aperuī, apertum",to open,837,Verb,,to open,1
"appāreō, appārēre, appāruī, appāritum",to appear,830,Verb,,to appear,1
"Aprīlis, Aprīle",of April,0,Adjective,,of April,1
apud,"at the house of, at, in",205,Preposition,,"at the house of, at, in",1
"aqua, aquae, {f.}",water,272,Noun,,water,1
"arbor, arboris, {f.}",tree,468,Noun,,tree,1
atque,and also,35,Conjunction,,and also,1
"audiō, audīre, audīvī, audītum",to hear,165,Verb,,to hear,1
"avis, avis, {f.}",bird,855,Noun,,bird,1
"aureus, aurea, aureum",golden,691,Adjective,,golden,1
autem,"however, but",123,Conjunction,,"however, but",1
"autoraeda, autoraedae, {f.}",car,0,Noun,,car,1
babae,wow!,0,Interjection,,wow!,1
"baculum, baculī, {n.}",staff,0,Noun,,staff,1
"bellum, bellī, {n.}",war,86,Noun,,war,1
bene,well,235,Adverb,,well,1
"bibō, bibere, bibī",to drink,0,Verb,,to drink,1
"bonus, bona, bonum",good,68,Adjective,,good,1
"caecus, caeca, caecum",blind,728,Adjective,,blind,1
"caelum, caelī, {n.}",sky,117,Noun,,sky,1
"calor, calōris, {m.}",heat,0,Noun,,heat,1
"cantō, cantāre, cantāvī, cantātum",to sing,0,Verb,,to sing,1
"capiō, capere, cēpī, captum",to take,131,Verb,,to take,1
"causa, causae, {f.}",cause,107,Noun,,cause,1
"celeber, celebris, celebre",famous,0,Adjective,,famous,1
"celebrō, celebrāre, celebrāvī, celebrātum",(crowd together and) celebrate,893,Verb,,(crowd together and) celebrate,1
"celer, celeris, celere","fast, swift",745,Adjective,,"fast, swift",1
celeriter,quickly,967,Adverb,,quickly,1
centum,a hundred,730,Numeral,,a hundred,1
"cēra, cērae, {f.}",wax,0,Noun,,wax,1
"certus, certa, certum","certain, sure; {(adverb, *certē*)} certainly",285,Adjective,,"certain, sure ‖ {(adverb, *certē*)} certainly",1
"cibus, cibī, {m.}",food,863,Noun,,food,1
"cīvitās, cīvitātis, {f.}",state,346,Noun,,state,1
"clāmō, clāmāre, clāmāvī, clāmātum",to shout,0,Verb,,to shout,1
"clārus, clāra, clārum","clear; {(adverb, *clārē*)} clearly, loudly",395,Adjective,,"clear ‖ {(adverb, *clārē*)} clearly, loudly",1
"claudō, claudere, clausī, clausum",to close,392,Verb,,to close,1
"colligō, colligere, collēgī, collēctum","to gather, collect",820,Verb,,"to gather, collect",1
"comedō, comedere, comēdī, comēsum","to eat up, devour",0,Verb,,"to eat up, devour",1
"conclāve, conclāvis, {n.}",room,0,Noun,,room,1
"cōnfodiō, cōnfodere, cōnfōdī, cōnfossum","to stab, run through",0,Verb,,"to stab, run through",1
"cōnfūsus, cōnfūsa, cōnfūsum",confused,0,Adjective,,confused,1
"cōnsilium, cōnsiliī, {n.}",plan,217,Noun,,plan,1
"cōnsobrīna, cōnsobrīnae, {f.}",cousin,0,Noun,,cousin,1
"cōnstō, cōnstāre, cōnstitī",to consist (of),731,Verb,,to consist (of),1
"cōnsūmō, cōnsūmere, cōnsūmpsī, cōnsūmptum",to consume,869,Verb,,to consume,1
"contāminō, contāmināre, contāmināvī, contāminātum","to infect, contaminate",0,Verb,,"to infect, contaminate",1
"contentus, contenta, contentum","content, satisfied",0,Adjective,,"content, satisfied",1
"contrōversia, contrōversiae, {f.}","dispute, disagreement",0,Noun,,"dispute, disagreement",1
"convīvium, convīviī, {n.}",party,921,Noun,,party,1
"cōpia, cōpiae, {f.}",abundance,331,Noun,,abundance,1
"cornū, cornūs, {n.}",horn,591,Noun,,horn,1
"Corvīna, Corvīnae, {f.}",Corvina,0,Noun,,Corvina,1
"crūstulum, crūstulī, {n.}",cookie,0,Noun,,cookie,1
cum,with,10,Preposition,,with,1
cum (quum),when,10,Conjunction,,when,1
cūr,why,404,Adverb,,why,1
"cūriōsus, cūriōsa, cūriōsum",curious,0,Adjective,,curious,1
dē,"down from; because of {(*quā dē causā* — ""for this reason"")}",46,Preposition,,"down from ‖ because of {(*quā dē causā* — ""for this reason"")}",1
deinde,"then, next",150,Adverb,,"then, next",1
"dēliciōsus, dēliciōsa, dēliciōsum",delicious,0,Adjective,,delicious,1
"dēsiliō, dēsilīre, dēsiluī, dēsultum",to jump down,0,Verb,,to jump down,1
"deus, deī, {m.}",god,42,Noun,,god,1
"dīcō, dīcere, dīxī, dictum",to say,33,Verb,,to say,1
"difficultās, difficultātis, {f.}",difficulty,0,Noun,,difficulty,1
"discipulus, discipulī, {m.}","student, pupil",0,Noun,,"student, pupil",1
"discō, discere, didicī",to learn,465,Verb,,to learn,1
"dīves, {(gen.)} dīvitis","rich, wealthy",564,Adjective,,"rich, wealthy",1
"dīvidō, dīvidere, dīvīsī, dīvīsum",to divide,628,Verb,,to divide,1
"dō, dare, dedī, datum",to give,28,Verb,,to give,1
"doleō, dolēre, doluī, dolitum","to hurt, to be in pain",785,Verb,,"to hurt, to be in pain",1
"dominus, dominī, {m.}","master of the house, enslaver of other human beings",241,Noun,,"master of the house, enslaver of other human beings",1
"domus, domūs, {f.}",house,73,Noun,,house,1
"dormiō, dormīre, dormīvī, dormītum",to sleep,975,Verb,,to sleep,1
"dulcis, dulce",sweet,383,Adjective,,sweet,1
"duo, duae, duo",two,221,Adjective,,two,1
"dux, ducis, {m./f.}",leader,239,Noun,,leader,1
"ē, ex",out of,26,Preposition,,out of,1
"ēbrius, ēbria, ēbrium",drunk,0,Adjective,,drunk,1
ecce,behold,643,Interjection,,behold,1
"edō, edere, ēdī, ēsum",to eat,0,Verb,,to eat,1
"effugiō, effugere, effūgī",to escape,0,Verb,,to escape,1
"ego, meī, mihī̆, mē, mē","I, me",11,Pronoun,,"I, me",1
ēheu,"alas, oh no",0,Interjection,,"alas, oh no",1
"emō, emere, ēmī, ēmptum",to buy,0,Verb,,to buy,1
"eō, īre, īvī / iī, itum",to go,97,Verb,,to go,1
et,and,1,Conjunction,,and,1
etiam,"also, even",67,"Adverb, Conjunction",,"also, even",1
"explōrō, explōrāre, explōrāvī, explōrātum",to investigate,0,Verb,,to investigate,1
"exsilium, exsiliī, {n.}",exile,794,Noun,,exile,1
"exspectō, exspectāre, exspectāvī, exspectātum","to await, to expect",442,Verb,,"to await, to expect",1
"extendō, extendere, extendī, extēnsum",to stretch out,0,Verb,,to stretch out,1
"faba, fabae, {f.}",bean,0,Noun,,bean,1
"fābula, fābulae, {f.}",story,966,Noun,,story,1
"faciēs, faciēī, {f.}",face,479,Noun,,face,1
"faciō, facere, fēcī, factum",to make; to do,32,Verb,,to make; to do,1
"falsus, falsa, falsum",false,633,Adjective,,false,1
"familia, familiae, {f.}",family,943,Noun,,family,1
"fēlēs, fēlis, {f.}",cat,0,Noun,,cat,1
"fēmina, fēminae, {f.}",woman,501,Noun,,woman,1
ferē,"(1) about, almost, (2) generally, usually",907,Adverb,,"(1) about, almost, (2) generally, usually",1
"ferō, ferre, tulī, lātum",to carry,45,Verb,,to carry,1
"figūra, figūrae, {f.}",shape,0,Noun,,shape,1
"fīlius, fīliī, {m.}",son,909,Noun,,son,1
"fīnis, fīnis, {m.}",end,236,Noun,,end,1
"flōs, flōris, {m.}",flower,818,Noun,,flower,1
"fōrma, fōrmae, {f.}",shape,422,Noun,,shape,1
"fortis, forte",strong,286,Adjective,,strong,1
"fortūna, fortūnae, {f.}",fortune,138,Noun,,fortune,1
"frangō, frangere, frēgī, frāctum",to break,345,Verb,,to break,1
"frāter, frātris, {m.}",brother,225,Noun,,brother,1
"fugiō, fugere, fūgī, fugitum",to flee,177,Verb,,to flee,1
"futūrus, futūra, futūrum",about to be,0,Adjective,,about to be,1
"galea, galeae, {f.}",helmet,0,Noun,,helmet,1
"gaudeō, gaudēre, gāvīsus sum",to rejoice,407,Verb,,to rejoice,1
"gerō, gerere, gessī, gestum","to carry; to wear {(of armour, *galeās*)}",237,Verb,,"to carry ‖ to wear {(of armour, *galeās*)}",1
"glaciēs, glaciēī, {f.}",ice,0,Noun,,ice,1
"gladius, gladiī, {m.}",sword,862,Noun,,sword,1
"grātia, grātiae, {f.}","favor, gratitude; thanks",380,Noun,,"favor, gratitude ‖ thanks",1
"grex, gregis, {m.}",flock; group {(of people)},0,Noun,,flock ‖ group {(of people)},1
"gubernō, gubernāre, gubernāvī, gubernātum","to steer, drive",0,Verb,,"to steer, drive",1
"habeō, habēre, habuī, habitum",to have,39,Verb,,to have,1
"habitō, habitāre, habitāvī, habitātum",to live,0,Verb,,to live,1
"hic, haec, hoc","this; he, she, it",7,"Adjective, Pronoun",,"this ‖ he, she, it",1
hīc,here,0,Adverb,,here,1
"homō, hominis, {m.}",human being,88,Noun,,human being,1
"hōra, hōrae, {f.}",hour,664,Noun,,hour,1
"horribilis, horribile","horrible, terrifying",0,Adjective,,"horrible, terrifying",1
"horrificus, horrifica, horrificum","terrifying, dreadful",0,Adjective,,"terrifying, dreadful",1
"horror, horrōris, {m.}","horror, dread",0,Noun,,"horror, dread",1
"hospes, hospitis, {m./f.}","guest, host",873,Noun,,"guest, host",1
"hūmānus, hūmāna, hūmānum",human,355,Adjective,,human,1
iam,"now, already",34,Adverb,,"now, already",1
ibi,there,619,Adverb,,there,1
"ignōrō, ignōrāre, ignōrāvī, ignōrātum","to take no notice of, ignore",0,Verb,,"to take no notice of, ignore",1
"ille, illa, illud","that {(points out emphatically; stronger than *is*)}; he, she, it",8,"Adjective, Pronoun",,"that {(points out emphatically; stronger than *is*)} ‖ he, she, it",1
"impatiēns, {(gen.)} impatientis",unable to endure,0,Adjective,,unable to endure,1
in,"{(with the {{ablative}})} in, on; {(with the {{accusative}})} into, onto, against, to",5,Preposition,,"{(with the {{ablative}})} in, on ‖ {(with the {{accusative}})} into, onto, against, to",1
"īnsānus, īnsāna, īnsānum",mad,0,Adjective,,mad,1
"īnspectō, īnspectāre, īnspectāvī, īnspectātum","to inspect, examine",0,Verb,,"to inspect, examine",1
"īnsula, īnsulae, {f.}","island, apartment building",908,Noun,,"island, apartment building",1
"interficiō, interficere, interfēcī, interfectum",to kill,699,Verb,,to kill,1
"intermissiō, intermissiōnis, {f.}","intermission, break",0,Noun,,"intermission, break",1
"intrō, intrāre, intrāvī, intrātum",to enter,766,Verb,,to enter,1
"inveniō, invenīre, invēnī, inventum",to find,316,Verb,,to find,1
"investīgō, investīgāre, investīgāvī, investīgātum","to investigate, track down",0,Verb,,"to investigate, track down",1
"ipse, ipsa, ipsum","himself, herself, itself",22,"Adjective, Pronoun",,"himself, herself, itself",1
"īrātus, īrāta, īrātum",angry,809,Adjective,,angry,1
"is, ea, id",he / she / it; that,13,"Adjective, Pronoun",,he / she / it ‖ that,1
ita,so,120,Adverb,,so,1
"iter, itineris, {n.}","journey, trip",230,Noun,,"journey, trip",1
iterum,again,758,Adverb,,again,1
"labōrō, labōrāre, labōrāvī, labōrātum",to work,900,Verb,,to work,1
"lacus, lacūs, {m.}",lake,0,Noun,,lake,1
"laetus, laeta, laetum",happy,262,Adjective,,happy,1
"lentus, lenta, lentum",slow,0,Adjective,,slow,1
"longus, longa, longum",long,142,Adjective,,long,1
"lūdus, lūdī, {m.}",school,0,Noun,,school,1
"lūna, lūnae, {f.}",moon,902,Noun,,moon,1
"lycēum, lycēī, {n.}",high school,0,Noun,,high school,1
"magister, magistrī, {m.}",teacher,933,Noun,,teacher,1
"magnus, magna, magnum",big,25,Adjective,,big,1
"maior, maius",bigger,25,Adjective,,bigger,1
male,badly,603,Adverb,,badly,1
"malus, mala, malum",bad,227,Adjective,,bad,1
"manus, manūs, {f.}",hand,48,Noun,,hand,1
"mare, maris, {n.}",the sea,125,Noun,,the sea,1
"marītus, marītī, {m.}",husband,654,Noun,,husband,1
"Mārtiānus, Mārtiānī, {m.}",Martianus,0,Noun,,Martianus,1
"māter, mātris, {f.}",mother,127,Noun,,mother,1
"maximus, maxima, maximum","biggest; {(adverb, *maximē*)} especially",25,Adjective,,"biggest ‖ {(adverb, *maximē*)} especially",1
"medicīna, medicīnae, {f.}",medicine,0,Noun,,medicine,1
"medicus, medicī, {m.}",doctor,0,Noun,,doctor,1
"medius, media, medium",middle,162,Adjective,,middle,1
"melior, melius",better,68,Adjective,,better,1
"meminī, meminisse",to remember,670,Verb,,to remember,1
"memoria, memoriae, {f.}",memory,627,Noun,,memory,1
"mēnsa, mēnsae, {f.}",table,747,Noun,,table,1
"mēnsis, mēnsis, {m.}",month,0,Noun,,month,1
"meus, mea, meum",my,41,Adjective,,my,1
mīlle,a thousand,247,Numeral,,a thousand,1
minimē,"no, not at all",143,Adverb,,"no, not at all",1
"mīrāculum, mīrāculī, {n.}","wonder, miracle",0,Noun,,"wonder, miracle",1
"mōns, montis, {m.}",mountain,242,Noun,,mountain,1
"mōnstrum, mōnstrī, {n.}",monster,0,Noun,,monster,1
"morbus, morbī, {m.}","illness, disease",658,Noun,,"illness, disease",1
"mors, mortis, {f.}",death,95,Noun,,death,1
"mortālis, mortāle",mortal,950,Adjective,,mortal,1
"mortuus, mortua, mortuum",dead,0,Adjective,,dead,1
"mōtus, mōtūs, {m.}",motion,0,Noun,,motion,1
mox,soon,469,Adverb,,soon,1
"multus, multa, multum","much, many {(much in the {{singular}}, many in the {{plural}})}",43,Adjective,,"much, many {(much in the {{singular}}, many in the {{plural}})}",1
"mūs, mūris, {m.}",mouse,0,Noun,,mouse,1
"mūsicus, mūsica, mūsicum",musical,0,Adjective,,musical,1
"nāta, nātae, {f.}",daughter,0,Noun,,daughter,1
nē,"that not; that {(in clauses of fearing, *timeō nē*)}",47,Conjunction,,"that not ‖ that {(in clauses of fearing, *timeō nē*)}",1
"necō, necāre, necāvī, necātum",to kill,0,Verb,,to kill,1
"nēmō, nēminis, {m./f.}","no one, nobody",179,Noun,,"no one, nobody",1
neque,"and... not; neither... nor... {(when repeated, *neque... neque*)}",19,Conjunction,,"and... not ‖ neither... nor... {(when repeated, *neque... neque*)}",1
"nesciō, nescīre, nescīvī, nescītum",to not know,525,Verb,,to not know,1
nimis,"too, too much",841,Adverb,,"too, too much",1
noctū,at night,0,Adverb,,at night,1
"nōlī, nōlīte",don't!,0,Verb,,don't!,1
"nōlō, nōlle, nōluī",to not want,458,Verb,,to not want,1
"nōmen, nōminis, {n.}",name,135,Noun,,name,1
nōn,"not, doesn't",6,Adverb,,"not, doesn't",1
"nōs, nostrī / nostrum, nōbīs, nōs, nōbīs","we, us",51,Pronoun,,"we, us",1
"noster, nostra, nostrum",our,52,Adjective,,our,1
"novus, nova, novum",new,139,Adjective,,new,1
"nox, noctis, {f.}",night,119,Noun,,night,1
nunc,now,50,Adverb,,now,1
"nūntius, nūntiī, {m.}","messenger, message",919,Noun,,"messenger, message",1
ō,O,0,Interjection,,O,1
"occidentālis, occidentāle",western,0,Adjective,,western,1
"oculus, oculī, {m.}",eye,206,Noun,,eye,1
"odium, odiī, {n.}","hatred, dislike",522,Noun,,"hatred, dislike",1
"odor, odōris, {m.}",smell,0,Noun,,smell,1
ōlim,once,574,Adverb,,once,1
omnīnō,entirely,0,Adverb,,entirely,1
"omnis, omne",all,18,Adjective,,all,1
"parēns, parentis, {m./f.}",parent,190,Noun,,parent,1
"parō, parāre, parāvī, parātum",to prepare,160,Verb,,to prepare,1
"pars, partis, {f.}",part,65,Noun,,part,1
"parvus, parva, parvum",small,143,Adjective,,small,1
"pater, patris, {m.}",father,71,Noun,,father,1
"Paulus, Paulī, {m.}",Paulus,0,Noun,,Paulus,1
"pāx, pācis, {f.}",peace,388,Noun,,peace,1
"pecūnia, pecūniae, {f.}",money,530,Noun,,money,1
"pellicula, pelliculae, {f.}","film, movie",0,Noun,,"film, movie",1
"penna, pennae, {f.}",feather,0,Noun,,feather,1
"perpetuus, perpetua, perpetuum",perpetual,891,Adjective,,perpetual,1
"petō, petere, petīvī / petiī, petītum",to seek,83,Verb,,to seek,1
"placeō, placēre, placuī, placitum",{(with the {{dative}})} to please,287,Verb,,{(with the {{dative}})} to please,1
"plēnus, plēna, plēnum",full,459,Adjective,,full,1
"poēta, poētae, {m.}",poet,913,Noun,,poet,1
"pōnō, pōnere, posuī, positum","to put, to place",102,Verb,,"to put, to place",1
"popīna, popīnae, {f.}","eating-house, tavern",0,Noun,,"eating-house, tavern",1
"possum, posse, potuī",to be able,23,Verb,,to be able,1
post,"after, behind",164,"Adverb, Preposition",,"after, behind",1
"potēns, {(gen.)} potentis",powerful,567,Adjective,,powerful,1
"pōtiō, pōtiōnis, {f.}","a drink, potion",0,Noun,,"a drink, potion",1
"praedīlēctus, praedīlēcta, praedīlēctum",favorite,0,Adjective,,favorite,1
prīmum,first,252,"Adjective, Adverb",,first,1
"prīmus, prīma, prīmum",first,91,Adjective,,first,1
"prior, prius",earlier,526,Adjective,,earlier,1
prope,near,189,"Adverb, Preposition",,near,1
"puella, puellae, {f.}",girl,233,Noun,,girl,1
"puer, puerī, {m.}",boy,191,Noun,,boy,1
"pugnō, pugnāre, pugnāvī, pugnātum",to fight,708,Verb,,to fight,1
"pulcher, pulchra, pulchrum",beautiful,569,Adjective,,beautiful,1
"pūpa, pūpae, {f.}",doll,0,Noun,,doll,1
"putō, putāre, putāvī, putātum",to think,166,Verb,,to think,1
"quālis, quāle",what kind of,263,Adjective,,what kind of,1
quam,than,29,Conjunction,,than,1
quattuor,four,867,Numeral,,four,1
"quī, quae, quod","who, which; {(as a conjunction, *quod*)} because",3,Adjective,,"who, which ‖ {(as a conjunction, *quod*)} because",1
quia,because,132,Conjunction,,because,1
"quis, quid",who?; what?,212,Pronoun,,who? ‖ what?,1
quoque,also,76,Adverb,,also,1
"rēs, reī, {f.}","thing, things",38,Noun,,"thing, things",1
"respondeō, respondēre, respondī, respōnsum","to respond, to answer",535,Verb,,"to respond, to answer",1
"respōnsum, respōnsī, {n.}","answer, reply",0,Noun,,"answer, reply",1
"rēx, rēgis, {m.}",king,60,Noun,,king,1
"rīdeō, rīdēre, rīsī, rīsum",to laugh,874,Verb,,to laugh,1
"rīdiculus, rīdicula, rīdiculum","ridiculous, laughable",0,Adjective,,"ridiculous, laughable",1
"Rōma, Rōmae, {f.}",Rome,0,Noun,,Rome,1
saepe,often,145,Adverb,,often,1
"salvē, salvēte",hello,0,Interjection,,hello,1
"sapiēns, sapientis","wise, clever",453,Adjective,,"wise, clever",1
"saxum, saxī, {n.}",a rock,306,Noun,,a rock,1
"sciō, scīre, scīvī, scītum",to know,172,Verb,,to know,1
"scrībō, scrībere, scrīpsī, scrīptum",to write,568,Verb,,to write,1
"sēcrētus, sēcrēta, sēcrētum","secret, hidden",0,Adjective,,"secret, hidden",1
"secundus, secunda, secundum",second,836,Adjective,,second,1
sed,but,20,Conjunction,,but,1
"sedeō, sedēre, sēdī, sessum",to sit,506,Verb,,to sit,1
semper,always,149,Adverb,,always,1
"senex, senis, {m.}",old man,558,"Noun, Adjective",,old man,1
"sentiō, sentīre, sēnsī, sēnsum","to feel, to perceive",302,Verb,,"to feel, to perceive",1
"sepulcrum, sepulcrī, {n.}",tomb,949,Noun,,tomb,1
"servō, servāre, servāvī, servātum",to save,289,Verb,,to save,1
"servus, servī, {m.}","enslaved man, slave",496,Noun,,"enslaved man, slave",1
sī,if,16,Conjunction,,if,1
sīcut,"just as, just like",791,Conjunction,,"just as, just like",1
"silentium, silentiī, {n.}",silence,0,Noun,,silence,1
"silva, silvae, {f.}",forest,234,Noun,,forest,1
"sōlus, sōla, sōlum",alone; {(*sōlum*)} only,176,Adjective,,alone ‖ {(*sōlum*)} only,1
"sonus, sonī, {m.}",sound,0,Noun,,sound,1
"soror, sorōris, {f.}",sister,497,Noun,,sister,1
"spectāculum, spectāculī, {n.}","show, spectacle",0,Noun,,"show, spectacle",1
"spectō, spectāre, spectāvī, spectātum",to look at,473,Verb,,to look at,1
"stomachus, stomachī, {m.}",stomach,0,Noun,,stomach,1
"stultus, stulta, stultum",foolish,0,Adjective,,foolish,1
sub,under,118,Preposition,,under,1
subitō,suddenly,848,Adverb,,suddenly,1
"--, suī, sibi, sē, sē","himself, herself, itself",17,Pronoun,,"himself, herself, itself",1
"sum, esse, fuī, futūrum",to be; to belong to {taking a {{dative}} of the possessor},2,Verb,,to be; to belong to {taking a {{dative}} of the possessor},1
"sūmō, sūmere, sūmpsī, sūmptum","to pick up, to take up",454,Verb,,"to pick up, to take up",1
"surgō (subrigō), surgere (subrigere), surrēxī, surrēctum","to rise, to get up",570,Verb,,"to rise, to get up",1
"suspīciōsus, suspīciōsa, suspīciōsum",suspicious,0,Adjective,,suspicious,1
"suus, sua, suum","his own, her own, their own",27,Adjective,,"his own, her own, their own",1
"symphōnia, symphōniae, {f.}",concert,0,Noun,,concert,1
"tālis, tāle","that kind of, such",203,Adjective,,"that kind of, such",1
tam,"so, so much, to such a degree",96,Adverb,,"so, so much, to such a degree",1
tamen,"nevertheless, however",58,Adverb,,"nevertheless, however",1
tandem,finally,427,Adverb,,finally,1
tantum,only,216,Adverb,,only,1
"technyphion, technyphiī, {n.}","studio, workshop",0,Noun,,"studio, workshop",1
"tēlum, tēlī, {n.}",weapon,255,Noun,,weapon,1
"templum, templī, {n.}",temple,485,Noun,,temple,1
"temptō, temptāre, temptāvī, temptātum",to try,430,Verb,,to try,1
"terra, terrae, {f.}","land, earth",70,Noun,,"land, earth",1
"tertius, tertia, tertium",third,682,Adjective,,third,1
"timeō, timēre, timuī",to fear,153,Verb,,to fear,1
"timidus, timida, timidum",fearful,0,Adjective,,fearful,1
"tintinnābulum, tintinnābulī, {n.}",bell,0,Noun,,bell,1
"tōtus, tōta, tōtum",whole,78,Adjective,,whole,1
"trānsferō, trānsferre, trānstulī, trānslātum",to carry across,0,Verb,,to carry across,1
"trēs, tria",three,533,Adjective,,three,1
"trīstis, trīste",sad,275,Adjective,,sad,1
"tū, tuī, tibī̆, tē, tē",you,9,Pronoun,,you,1
"tuus, tua, tuum",your,44,Adjective,,your,1
"varius, varia, varium","various, diverse",631,Adjective,,"various, diverse",1
ubi,where {(of place)}; when {(of time)},92,Adverb,,where {(of place)} ‖ when {(of time)},1
ubīque,everywhere,0,Adverb,,everywhere,1
"vehiculum, vehiculī, {n.}","vehicle, cart",0,Noun,,"vehicle, cart",1
"venēnum, venēnī, {n.}",poison,0,Noun,,poison,1
"veniō, venīre, vēnī, ventum",to come,63,Verb,,to come,1
"vērus, vēra, vērum {(adv. vērō)}",true,410,Adjective,,true,1
"via, viae, {f.}","road, way",196,Noun,,"road, way",1
"victor, victōris, {m.}",victor,340,"Noun, Adjective",,victor,1
"videō, vidēre, vīdī, vīsum",to see; {(in the {{passive}})} to seem,31,Verb,,to see ‖ {(in the {{passive}})} to seem,1
"vīnum, vīnī, {n.}",wine,640,Noun,,wine,1
"violentia, violentiae, {f.}",violence,0,Noun,,violence,1
"violentus, violenta, violentum",violent,0,Adjective,,violent,1
"vir, virī, {m.}",man,85,Noun,,man,1
"vīsitō, vīsitāre, vīsitāvī, vīsitātum",to visit,0,Verb,,to visit,1
"umbra, umbrae, {f.}",shadow; ghost,257,Noun,,shadow ‖ ghost,1
"ūniversālis, ūniversāle",universal,0,Adjective,,universal,1
"ūnus, ūna, ūnum","one; {(adverb, *ūnā*)} together",53,Adjective,,"one ‖ {(adverb, *ūnā*)} together",1
"vocō, vocāre, vocāvī, vocātum",to call,158,Verb,,to call,1
"volō, velle, voluī",to want,66,Verb,,to want,1
"volō, volāre, volāvī, volātum",to fly,0,Verb,,to fly,1
"vōs, vestrum/vestrī, vōbīs, vōs, vōbīs",y'all,130,Pronoun,,y'all,1
"vōx, vōcis, {f.}",voice,169,Noun,,voice,1
"urbs, urbis, {f.}",city,82,Noun,,city,1
"urna, urnae, {f.}",jar,0,Noun,,jar,1
ūsque,"continuously, all the way to",527,Adverb,,"continuously, all the way to",1
ut,{(introducing a purpose clause)} to; {(introducing a result clause)} so that,15,Conjunction,,{(introducing a purpose clause)} to ‖ {(introducing a result clause)} so that,1
"ūtor, ūtī, ūsus sum",{(with the {{ablative}})} to use,330,Verb,,{(with the {{ablative}})} to use,1
"uxor, uxōris, {f.}",wife,552,Noun,,wife,1
